Laaaa,Laaaaa
Laaa,Laaaaaaa
Laaaaa,Laaaa
Laaaa,La-Laaaaaaa
Laaaa,Laaaaaaa
Laaaaaa,La
Laaaaaaa,Laaaa
Laaaaaaaaa,Laaaaaaaa
Laaaaaaa,Laaaaaaa
Laaaaaa,Laaaaaa Laaaaa
Laaaa,Laaaa
Laaaaaaaa,Laaaa
Laaaa,L
Laaaaaa,Laaaaaaaa
Laaaaaa,Laaaaa
Laaaaaa,Laaaaaaaaaa
Laaa,Laaaaaaa
Laaaaaaaa,Laaaaaa
Laaa,Laaaaa
Laaaaaa,Laaaaaa
Laaaa,Laaaaa
Laaaa,Laaa
Laaaaaaa,Laaaaaa
Laaa,Laaaaaa
Laaaa,Laaaaa
Laaaaaaa,Laaaaa
Laaaaaaa,Laaaaa
Laaaaaa,Laaaaa
Laaaaa,Laaaaaaaaa
Laaaaa,Laaaa
Laaaa,Laaaaa
Laaaaaa,Laaaaa
Laaaaaa,Laaaaaaa
Laaaaa,Laaaaaa
Laaaa,Laaaaa
Laaaaa,Laaaa
Laaa,Laaaaaaaaa
Laaaa,Laaa
Laaaaa,Laaaaaa
Laa Laaaaaa,Laaa
Laaaaaaa,Laaaaa
Laaaaaa,Laaaa
Laaaaa,Laaa
La,Laaa
Laaaaa,Laaaa
Laaa-Laa,Laaaa
Laaa,Laaaaa
Laaaaa,Laaa
Laaaaa,Laaaaaaaaaaa
Laaaaaaa,Laaaaaaaa
Laaaaaa,Laa
Laaaa,Laaa
Laaa,Laaaaaa
Laaa,Laaaaaaa
Laaa,Laaaaa
Laaa,Laaa
Laaaaaa,Laaaaa
Laaaa,Laaa
Laaa,Laaaaaa
Laaaaa,Laaaaaaaaa
Laa,Laaaaaaa
Laaaa,Laaa
Laaa,Laa
Laaaa,Laaaa
Laaaaaaa,LLaaaa
Laaaa,Laaaa
Laaaa,Laaaaaaaa
Laaa,Laaaa
Laaaaaa,Laaaaaa
Laaaa,La Laaaa
Laaaaa,Laaa
Laaaa,Laaaaaaaaaaa
Laa,Laaaaaa
Laaaa,LaaLaaaa
Laaaaaaaaa,LaLaaaa
Laaa,Laaaaa
Laaaa,Laaaaaa
Laaaa,Laaaaaaaaa
Laaaa,Laaaaaaaaa
Laaaaaa,Laaaaa
Laaaaa,Laa
Laaaa,Laaaaaa
Laaa,Laaaaa
Laaa,Laaaaa
Laaaa,Laaaaa
Laaaa,Laaaaaaaa
Laaaa,Laaaaaaa
Laaa,Laaaaa
Laaaaaaa,Laaa
Laaa,Laaaa
Laaaa,Laaaaaa
Laaaaaa,Laaaaaaaa
Laaaaa,Laaa
Laaa,Laaaaaa
Laaaaaa,Laaa
Laaaa,Laaa
Laaaaa,La
Laaaaa,Laaa
Laaaaa,Laaaa
Laaaaa,Laaaaaa
Laaaa,Laaaaa
Laaaaaaa,Laaaaaaa
Laa,Laaa
Laaaaaa,Laaaaa
L. L.,Laaaaaaa
Laaaaa,Laaaaaa
Laa,Laaaa
Laaaaaaa,Laaaa
Laaaaa,Laaaa
Laaaaaaa,Laaaaa
Laaaaa,Laaaaaaa
Laaa,Laaaaa
Laa,Laaaaaa
Laaaa,Laaaaa
Laaaaaaaa,Laaaaaa
Laaaa,Laaaaaa
Laaaa,Laaaa
Laaaaa,Laaaa
Laaaaaaa,Laaaaa
Laaaaaaaa,Laaaaaaa
Laaaaaa,Laaaaaa
Laa,La LL LLL
Laaaa,Laaaa
Laaaa,Laaaaaa
Laaaaaa,Laaaaa
Laaaa,Laaaaaaa
Laa-Laaaa,Laa
Laaa-Laaaa,Laa
Laaa-Laaaa,Laa
Laaaaaa,Laa
La,Laaaa
Laaaaaa,Laaaa
Laaaaa,Laaaaa
Laaaa,Laaaaaa
Laaaaaaaaa Laaa,Laaaaaa
Laaa,Laaaaaaaaaa
Laaaaaa,Laaaa
Laaa,Laaa
Laa,Laaaa
Laa,Laaaa
Laaaa,Laaaaaaa
Laaaa,Laaaaaaa
Laaaa,Laa
Laaaa,Laaaaaa
Laaaaaaa,Laaaaaa
Laaaaa,Laaaa
Laaaaa,Laaaaa
Laaaaa,Laaaaa Laaaaaaa
Laaaaa,Laaaaa
Laaa,Laaaaa
Laaaaa,Laaaaa
Laaaaaa,Laaaaa
Laaaaaaa,Laaaaaaa
Laaaaa,Laa
Laaaaa,Laa
Laaaaa,Laaaa
Laaaaaa,Laaaaaaaa
Laaaaa,Laaaaa
Laaaaaaa,Laaaaaaaaaaaa
Laaaaaa,Laaaaaaaaaaa
Laaaaaaaa,Laaaaaaaa
Laaaaaa,Laaaaaa
L,Laa
La-aaa,Laaaaa
Laaaa,Laaaa
Laaaaaa,Laaa
Laaaaaa,La
Laaaaaaa,La
Laaaa,Laaa
Laaaa,Laaa
Laaaaaa,Laa
Laaaaaaa,Laa
Laa,Laa
Laaaaaa,La
Laaaa,Laaaaa
Laaaaaa,La
Laaa,Laa
Laaaaa,Laaaa
Laaa,La
Laaaa,Laaaaa
Laaaaaaa Laaaaa,Laaaaaaaa
Laaa,Laaaaa
Laaaa,Laaaaa
Laaaa,Laaaaa
Laaaaaa,Laaaaaaaa
Laaaa,Laaa
Laaaaaa,Laaaaaaa
Laaaa,Laaaaaa
Laaaaaa,Laaaaa
Laaaaa,Laaaaa
Laaaaaa,Laaaaa
Laaaa,Laaaaa
Laaaaaa,Laaaa
Laa,LaLaaaa
Laaa,LaLaaa
Laaaaaa,LaLaaaa
Laaaaa,Laaaa Laaaaaa
Laaaa,Laaaaa
Laaaaa,Laaaaaaa
Laaaaa,Laaaaaaaaa
Laaaaa,Laaaaaaaaa
Laaaaa,Laaaa
Laaaa,Laaaaaaaaa
Laaa,Laaaa
Laaaa,Laaaaa LL
Laaa,Laa
Laaaa,Laaaaa
Laa,Laaaaaaaaa
Laaaaaaaa,Laaaaaa
Laaaaa,Laaaaaa
Laaaa,Laaaa
Laa,Laaaaaaaa
Laaaaaa,Laaa
Laaaaaa,Laaaaaa
Laaaa,Laaaaaa
Laaaaaaa,Laaaaaa
Laaaaaa,Laaa
Laaaaaaaaa,Laaaa
Laaaa,Laaaaaaaaaa
Laaaaaa,Laaaaaa
Laaaa,Laaaaa
Laaaa,Laaaaaa
Laaaaa,Laaaa
Laaaa,Laaaaa
Laaaaaa,Laaaaaaa
Laaaaa,Laaa
Laaaa,L'Laaaaa
Laaaaa,L'Laaaaaaa
Laaa,Laaaaaaaa
Laaaaaa,Laaa
Laaaaaa,Laaaa
Laaa,Laaaaa
Laaaa,Laaaaa
Laaa,Laaaaaaaaa
Laaaaaa,Laaaaaaaa
Laaaaa,Laaaaaa
Laaaaaa,Laaaaaa
Laaaaaaa,Laaaaa
Laaaaaaa,Laaaaa
Laaaaa,Laaaa
Laaa,Laaaaaaaa
Laaaaaaaaaa,Laaaaaaa
Laaa,Laaaaa
Laaaaa,Laaa
Laaaaa,Laaaaaa
Laaaa,Laaaaa-Laa
Laaaa,Laaaaa
Laaaaaa,Laaaaaaa
Laaaaa,Laaa
Laaaaaaa,Laaa
Laaaa,Laaaaaaaaa
Laa,Laaaa
Laaaaa,L
Laaa,Laaa
Laaaaaaa,Laaaa
Laaaaaa,Laaaaa
Laaaa,Laaaaaaaa
Laaaa,Laaa
Laaaaaa,Laaaaaaa
Laaaa,Laaaaaaa
Laaaa,Laaaaaaa
Laaaaaaaaa,Laaaaaaa
Laaa,Laaaaa
Laaaaaa,Laaaaa
Laaaaaaa,Laaaaaa
Laaaaa,Laaa
Laaaa,Laaa
Laaaa,Laaa
Laaa,Laaaaaa
Laa-Laa,Laaa
Laaaaaa,Laaaaaaaaaaa
Laaa,Laaaaaaaaa
Laaa,Laaaaa
Laaaaaaaa,Laaaaaaaaaa
Laaaa,Laaaa
Laaa,Laaaaaa
Laaaa,Laaaaa
Laaaaaa,Laaaaa
Laaaaaa,Laaaaa
Laaaaa,Laaaaa
Laaa,Laaaa
Laaaa,Laaaa
LaaaÌ©,Laaaaa
Laaaa,Laaaaaa
Laaaaa,Laaaaa
Laaaaaa,Laaaaaa
Laaaaaaaa,Laaaaaaaaa
Laaa,Laaaaa
Laaa,Laaaa
Laaaa,Laaaa
Laaaa,Laaaa
Laaaa,Laaaa
Laaaa,Laaaaaa
Laaaaaa,Laaaaaaaaaa
Laaaaaa,La
Laaaaaaaaaaa,Laaaaaaaaaa
Laaaaaa,Laa
Laa-aa,Laaa
Laa,Laaa
Laaaaaaaaa,Laaaaaaa
Laaaaaa,Laaaaaaa
Laaaaaa,Laaaaaaa
Laaaaaa,Laaaaaaa
Laaa,Laaaaaaaaa
Laaaaa,Laaaaaaa
Laaaa,Laaaa
Laaaaa,Laaaaaaaaaa
Laaaa,Laaaaaaaa
Laaaa,Laaaaa
Laaaa,Laaaaaa
Laaaaa,Laaa
Laaaa,Laaaaa
La-Laaa,Laa
Laaaa,Laaaa
Laaaa,Laaa
Laaaaa,Laaa
Laaaaa,La
Laaaaaaaa,Laaa
Laaa,Laaa
Laaaa,Laaa
Laaaaa,Laaaaaa
Laa,La
Laaa,Laaaa
Laaa,Laaaa
Laaa,Laaaa
Laaaa,Laa
Laaaaa,Laaaaaaa
Laa,Laaa
Laaaaaa,Laaaaaa
Laaaa,Laaaa
Laaaa,Laaaaaaaaaa
Laaaaaa,Laaaaa
Laaa,Laaaaaaaa
Laaaaaa,Laaaaa
Laaaa,Laaaaaaaa
Laaa,Laaaaa
Laaaa,Laaaaaaaaaaaa
Laa Laaaaaa,Laaa
Laaaa,Laaaaa
L. Laaaaa,Laaa
Laaaaa,Laaaaaaa
Laaa,Laaa
Laaa,Laaaaaa
Laaaaaa,Laaa
Laaaa,Laaa
Laa-Laa,L'Laaaaa
Laaaaaa,Laaaaa
Laaaaaa,Laaaa
Laaaa,Laaaaaaaa
Laaaaa,Laaaaa
L. Laaaaa,Laaaaaaa
Laaaaaaa,Laaaaaa
Laaa,Laaaaaa
Laaaaa,Laaaaaaa
Laaaaaa,Laaaaaaa
Laaaaa,Laaaaa
Laaaa,Laa
 , 
 , 
 , 
 , 
 , 
